episode,steps,reward,distance_mm,success,epsilon
1,80,-56.510903,57.969825,0,0.950000
2,80,-61.878259,74.005940,0,0.945506
3,80,-41.068310,77.941832,0,0.941034
4,80,-46.503379,68.636736,0,0.936584
5,80,-45.746065,85.878796,0,0.932157
6,80,-59.581717,101.134200,0,0.927751
7,80,-52.350696,76.354517,0,0.923368
8,44,-1.266174,5.731906,1,0.919007
9,80,-86.098490,128.912480,0,0.914667
10,80,-46.782871,100.945004,0,0.910349
11,80,-40.157733,67.094212,0,0.906053
12,80,-63.636328,75.689882,0,0.901778
13,22,7.518642,4.879316,1,0.897524
14,80,-72.409531,150.853411,0,0.893292
15,80,-85.357080,174.146927,0,0.889081
16,48,-0.546940,7.230093,1,0.884891
17,80,-32.184557,49.008823,0,0.880722
18,80,-34.890308,58.548327,0,0.876573
19,80,-84.362636,139.429130,0,0.872445
20,14,8.560285,4.879316,1,0.868338
21,80,-57.442727,127.468894,0,0.864252
22,80,-53.964291,128.075140,0,0.860186
23,80,-72.187310,102.724578,0,0.856140
24,80,-61.350053,133.317568,0,0.852114
25,80,-46.575208,89.095530,0,0.848109
26,24,7.166832,7.230093,1,0.844123
27,80,-36.535202,51.400543,0,0.840157
28,80,-97.859809,168.964887,0,0.836211
29,80,-31.330536,32.986108,0,0.832285
30,80,-29.554028,30.560008,0,0.828379
31,44,1.277326,4.879316,1,0.824492
32,80,-66.909110,137.156322,0,0.820624
33,11,9.837111,6.107110,1,0.816776
34,17,9.194872,4.066264,1,0.812947
35,34,2.130219,7.683461,1,0.809137
36,28,3.064401,5.731906,1,0.805346
37,80,-96.294300,151.641495,0,0.801574
38,80,-95.427801,145.113774,0,0.797821
39,80,-40.410988,77.564133,0,0.794086
40,26,3.351870,7.230093,1,0.790370
41,16,9.008931,7.230093,1,0.786673
42,24,6.215208,7.230093,1,0.782994
43,14,9.438510,4.879316,1,0.779334
44,80,-78.461830,117.705516,0,0.775692
45,10,9.932960,7.230093,1,0.772068
46,6,11.279358,4.879316,1,0.768462
47,80,-22.637666,18.832194,0,0.764874
48,12,9.633223,4.879316,1,0.761305
49,10,10.161694,4.879316,1,0.757752
50,10,10.400123,4.879316,1,0.754218
51,80,-75.415792,100.108620,0,0.750701
52,80,-51.714855,102.491191,0,0.747202
53,48,0.344215,7.230093,1,0.743721
54,36,4.574119,7.683461,1,0.740256
55,21,7.989537,7.995227,1,0.736809
56,80,-72.917941,125.254795,0,0.733380
57,9,10.436720,6.107110,1,0.729967
58,69,-10.691985,4.066264,1,0.726571
59,12,9.453741,7.683461,1,0.723193
60,66,-8.759638,7.230093,1,0.719831
61,10,10.483082,4.879316,1,0.716486
62,18,7.585771,7.683461,1,0.713158
63,80,-120.633839,184.706499,0,0.709846
64,80,-25.535261,26.148448,0,0.706551
65,80,-25.965124,58.644189,0,0.703272
66,80,-62.695222,88.344759,0,0.700010
67,20,7.793160,7.230093,1,0.696764
68,51,-2.976923,4.066264,1,0.693534
69,80,-22.920973,14.715505,0,0.690321
70,40,3.591587,4.879316,1,0.687123
71,28,5.465204,4.879316,1,0.683942
72,53,-2.275858,7.995227,1,0.680776
73,34,4.428371,7.230093,1,0.677626
74,15,8.147436,7.995227,1,0.674492
75,80,-67.370522,121.968723,0,0.671373
76,38,0.129182,7.230093,1,0.668270
77,78,-19.396536,7.230093,1,0.665183
78,9,10.063261,4.066264,1,0.662111
79,16,7.921388,4.879316,1,0.659054
80,80,-65.216220,128.829796,0,0.656012
81,64,-4.938827,4.879316,1,0.652986
82,13,8.953884,4.066264,1,0.649975
83,12,9.486330,7.230093,1,0.646979
84,80,-63.901504,149.920971,0,0.643998
85,50,-0.647522,4.879316,1,0.641031
86,24,6.185836,7.230093,1,0.638080
87,8,10.430186,4.879316,1,0.635143
88,15,7.949854,6.107110,1,0.632221
89,12,9.702486,4.879316,1,0.629314
90,23,4.261701,6.107110,1,0.626421
91,50,1.345589,7.230093,1,0.623542
92,6,11.088069,7.683461,1,0.620678
93,19,8.889421,6.107110,1,0.617828
94,44,-0.256238,4.879316,1,0.614993
95,7,11.152628,4.066264,1,0.612171
96,10,9.433245,7.230093,1,0.609364
97,35,3.793312,6.107110,1,0.606571
98,14,9.412254,7.230093,1,0.603791
99,18,7.466665,7.230093,1,0.601026
100,8,10.502895,4.879316,1,0.598274
101,7,10.463465,7.995227,1,0.595536
102,30,5.625013,7.683461,1,0.592812
103,16,8.542377,7.683461,1,0.590101
104,14,9.559491,7.230093,1,0.587404
105,80,-25.612618,27.930398,0,0.584720
106,7,10.804472,7.995227,1,0.582050
107,26,5.963972,7.683461,1,0.579393
108,8,10.874225,4.879316,1,0.576750
109,20,7.592354,4.879316,1,0.574119
110,13,8.001443,4.066264,1,0.571502
111,19,8.087632,4.066264,1,0.568898
112,8,10.709329,7.230093,1,0.566306
113,38,1.810052,7.683461,1,0.563728
114,13,8.673568,7.995227,1,0.561163
115,80,-62.087939,109.291265,0,0.558610
116,14,8.152581,7.230093,1,0.556070
117,23,6.595026,4.066264,1,0.553543
118,9,10.854619,4.066264,1,0.551028
119,34,2.829433,7.230093,1,0.548526
120,5,11.111339,7.995227,1,0.546037
121,18,7.367587,4.879316,1,0.543560
122,28,2.216620,4.879316,1,0.541095
123,80,-116.236485,203.872058,0,0.538643
124,8,10.067786,7.230093,1,0.536202
125,10,9.654259,7.683461,1,0.533774
126,10,10.205109,4.879316,1,0.531359
127,6,11.279358,4.879316,1,0.528955
128,12,10.296964,4.879316,1,0.526563
129,28,5.983710,4.879316,1,0.524183
130,19,7.916039,6.107110,1,0.521815
131,36,4.420292,7.230093,1,0.519459
132,7,10.656963,7.995227,1,0.517115
133,18,6.113028,7.230093,1,0.514782
134,20,7.620464,4.879316,1,0.512461
135,16,7.598446,4.879316,1,0.510152
136,8,10.478584,7.230093,1,0.507854
137,14,8.590464,4.879316,1,0.505567
138,8,10.829314,4.879316,1,0.503292
139,8,10.598971,4.879316,1,0.501029
140,12,9.443056,4.879316,1,0.498776
141,25,2.791583,4.066264,1,0.496535
142,13,9.383527,4.066264,1,0.494306
143,12,9.746176,4.879316,1,0.492087
144,11,10.234456,4.066264,1,0.489879
145,24,7.265063,4.879316,1,0.487682
146,6,11.279358,4.879316,1,0.485497
147,16,9.436291,4.879316,1,0.483322
148,6,10.995934,7.230093,1,0.481158
149,26,7.294400,4.879316,1,0.479005
150,10,10.010906,7.230093,1,0.476863
151,16,8.204948,4.879316,1,0.474731
152,10,10.672050,4.879316,1,0.472610
153,15,9.460719,4.066264,1,0.470500
154,8,10.972491,4.879316,1,0.468400
155,13,10.245247,4.066264,1,0.466310
156,12,9.626129,7.683461,1,0.464231
157,8,10.478584,7.230093,1,0.462163
158,10,9.674459,4.879316,1,0.460105
159,25,6.095062,6.107110,1,0.458057
160,8,10.425168,7.230093,1,0.456019
161,19,7.989816,7.995227,1,0.453991
162,14,8.478658,4.879316,1,0.451974
163,35,2.454876,6.107110,1,0.449967
164,14,9.238683,4.879316,1,0.447969
165,16,8.216434,4.879316,1,0.445982
166,12,9.324682,4.879316,1,0.444004
167,16,9.194366,4.879316,1,0.442037
168,8,10.343117,7.230093,1,0.440079
169,12,9.984490,4.879316,1,0.438131
170,20,7.747765,4.879316,1,0.436193
171,10,10.544891,4.879316,1,0.434264
172,16,9.257356,7.230093,1,0.432346
173,8,10.829314,4.879316,1,0.430436
174,6,11.279358,4.879316,1,0.428536
175,18,7.819904,4.879316,1,0.426646
176,14,8.651955,4.879316,1,0.424765
177,8,10.890567,4.879316,1,0.422894
178,16,8.624819,7.230093,1,0.421032
179,6,11.233477,4.879316,1,0.419179
180,22,8.169861,4.879316,1,0.417335
181,24,6.994172,4.879316,1,0.415501
182,12,10.478683,4.879316,1,0.413676
183,10,10.350629,7.230093,1,0.411859
184,6,11.279358,4.879316,1,0.410052
185,10,9.879648,4.879316,1,0.408254
186,10,10.616760,4.879316,1,0.406465
187,14,8.983791,4.879316,1,0.404685
188,6,11.279358,4.879316,1,0.402914
189,80,-23.845832,57.411267,0,0.401152
190,12,9.775411,4.879316,1,0.399398
191,32,5.346822,4.879316,1,0.397653
192,18,7.152444,7.230093,1,0.395917
193,8,10.934903,4.879316,1,0.394190
194,6,11.053219,7.230093,1,0.392471
195,8,10.829314,4.879316,1,0.390761
196,10,10.245133,4.879316,1,0.389059
197,16,9.320540,4.879316,1,0.387366
198,6,10.919227,7.683461,1,0.385681
199,12,9.318456,4.879316,1,0.384005
200,8,10.523718,4.879316,1,0.382337
201,12,9.980870,4.879316,1,0.380677
202,8,10.734178,4.879316,1,0.379026
203,6,11.279358,4.879316,1,0.377383
204,8,10.934903,4.879316,1,0.375748
205,10,10.489709,4.879316,1,0.374121
206,10,10.572784,4.879316,1,0.372503
207,12,9.307651,4.879316,1,0.370892
208,12,9.378750,4.879316,1,0.369290
209,14,9.017983,7.230093,1,0.367695
210,8,10.942867,4.879316,1,0.366109
211,9,10.229640,4.066264,1,0.364530
212,8,10.988748,4.879316,1,0.362960
213,8,10.909142,4.879316,1,0.361397
214,12,9.036156,4.879316,1,0.359842
215,8,10.780319,4.879316,1,0.358295
216,8,10.787159,4.879316,1,0.356755
217,6,11.279358,4.879316,1,0.355223
218,12,9.583607,7.230093,1,0.353699
219,6,11.233477,4.879316,1,0.352182
220,8,10.824982,4.879316,1,0.350673
221,8,10.708763,7.230093,1,0.349172
222,6,11.279358,4.879316,1,0.347678
223,7,11.243172,4.066264,1,0.346191
224,8,10.832993,4.879316,1,0.344712
225,18,8.632564,4.879316,1,0.343240
226,10,9.988177,4.879316,1,0.341776
227,12,9.782814,4.879316,1,0.340319
228,18,7.507790,7.230093,1,0.338869
229,5,11.111339,7.995227,1,0.337427
230,11,10.037487,4.066264,1,0.335991
231,6,11.279358,4.879316,1,0.334563
232,6,10.888408,7.683461,1,0.333142
233,18,6.410971,7.230093,1,0.331728
234,12,9.709523,4.879316,1,0.330321
235,7,11.144991,4.066264,1,0.328922
236,10,10.415926,4.879316,1,0.327529
237,8,10.523718,4.879316,1,0.326143
238,10,10.243592,4.879316,1,0.324764
239,6,11.279358,4.879316,1,0.323392
240,6,11.279358,4.879316,1,0.322026
241,13,9.501230,7.995227,1,0.320668
242,18,8.008016,4.879316,1,0.319316
243,20,7.979507,7.230093,1,0.317971
244,6,11.279358,4.879316,1,0.316633
245,14,7.711498,4.879316,1,0.315302
246,6,11.181177,4.879316,1,0.313977
247,6,11.181177,4.879316,1,0.312659
248,6,11.279358,4.879316,1,0.311347
249,12,9.840042,4.879316,1,0.310042
250,6,11.279358,4.879316,1,0.308743
251,20,7.794213,4.879316,1,0.307451
252,6,11.233477,4.879316,1,0.306166
253,6,11.279358,4.879316,1,0.304886
254,6,11.195654,4.879316,1,0.303614
255,10,10.274970,4.879316,1,0.302347
256,6,11.279358,4.879316,1,0.301087
257,6,11.279358,4.879316,1,0.299833
258,6,11.279358,4.879316,1,0.298585
259,10,9.973405,7.230093,1,0.297344
260,6,11.334502,4.879316,1,0.296109
261,8,10.645739,4.879316,1,0.294880
262,8,11.034629,4.879316,1,0.293657
263,10,10.690174,4.879316,1,0.292440
264,8,10.601077,4.879316,1,0.291230
265,14,8.996446,7.230093,1,0.290025
266,6,11.279358,4.879316,1,0.288826
267,6,11.279358,4.879316,1,0.287634
268,6,11.181177,4.879316,1,0.286447
269,6,11.234696,4.879316,1,0.285266
270,10,10.762594,4.879316,1,0.284091
271,12,9.431430,4.879316,1,0.282922
272,6,10.995934,7.230093,1,0.281759
273,10,10.194321,4.879316,1,0.280602
274,8,10.514181,7.230093,1,0.279450
275,8,10.548157,4.879316,1,0.278304
276,6,11.279358,4.879316,1,0.277164
277,6,11.279358,4.879316,1,0.276030
278,6,11.233477,4.879316,1,0.274901
279,10,9.475576,7.230093,1,0.273778
280,7,10.521496,7.995227,1,0.272661
281,6,11.279358,4.879316,1,0.271549
282,6,11.279358,4.879316,1,0.270442
283,10,10.161093,4.879316,1,0.269342
284,11,9.729752,6.107110,1,0.268246
285,6,11.334502,4.879316,1,0.267156
286,6,11.279358,4.879316,1,0.266072
287,9,10.998443,4.066264,1,0.264993
288,6,11.279358,4.879316,1,0.263919
289,6,11.234696,4.879316,1,0.262851
290,8,10.892800,4.879316,1,0.261788
291,8,11.007323,4.879316,1,0.260730
292,6,11.181177,4.879316,1,0.259678
293,8,10.643634,4.879316,1,0.258631
294,6,10.995934,7.230093,1,0.257589
295,10,10.457708,7.230093,1,0.256553
296,5,11.111339,7.995227,1,0.255521
297,21,7.438081,6.107110,1,0.254495
298,5,11.111339,7.995227,1,0.253474
299,6,11.164835,4.879316,1,0.252457
300,12,9.150207,7.230093,1,0.251446
301,6,11.279358,4.879316,1,0.250440
302,8,10.662212,4.879316,1,0.249440
303,16,7.663424,4.879316,1,0.248444
304,18,7.749863,7.683461,1,0.247453
305,8,10.596600,7.230093,1,0.246467
306,8,10.934903,4.879316,1,0.245485
307,16,8.974242,7.230093,1,0.244509
308,11,10.327222,4.066264,1,0.243538
309,6,11.279358,4.879316,1,0.242571
310,8,10.706874,4.879316,1,0.241610
311,8,11.034629,4.879316,1,0.240653
312,10,10.064596,4.879316,1,0.239701
313,12,10.364067,4.879316,1,0.238754
314,10,9.721877,7.230093,1,0.237811
315,6,11.279358,4.879316,1,0.236873
316,6,11.053219,7.230093,1,0.235940
317,6,11.279358,4.879316,1,0.235011
318,8,10.514641,4.879316,1,0.234087
319,6,11.233477,4.879316,1,0.233168
320,10,10.494956,4.879316,1,0.232253
321,8,10.645739,4.879316,1,0.231343
322,16,8.306134,7.230093,1,0.230438
323,8,10.810965,4.879316,1,0.229537
324,6,11.279358,4.879316,1,0.228640
325,6,11.279358,4.879316,1,0.227748
326,6,11.279358,4.879316,1,0.226860
327,6,11.279358,4.879316,1,0.225977
328,8,10.972491,4.879316,1,0.225098
329,8,10.829314,4.879316,1,0.224224
330,6,11.279358,4.879316,1,0.223354
331,6,11.279358,4.879316,1,0.222488
332,10,10.441709,7.230093,1,0.221627
333,8,10.734178,4.879316,1,0.220770
334,14,9.700900,4.879316,1,0.219917
335,10,9.890099,4.879316,1,0.219069
336,9,10.512908,4.066264,1,0.218224
337,8,10.603314,4.879316,1,0.217384
338,6,11.279358,4.879316,1,0.216548
339,8,10.829314,4.879316,1,0.215717
340,12,10.257592,4.879316,1,0.214889
341,6,11.279358,4.879316,1,0.214066
342,6,11.279358,4.879316,1,0.213246
343,7,10.866610,7.995227,1,0.212431
344,6,11.279358,4.879316,1,0.211620
345,8,10.645739,4.879316,1,0.210813
346,10,9.969461,4.879316,1,0.210010
347,8,10.522344,4.879316,1,0.209211
348,6,11.279358,4.879316,1,0.208416
349,5,11.111339,7.995227,1,0.207625
350,6,11.279358,4.879316,1,0.206838
351,6,11.279358,4.879316,1,0.206054
352,6,11.279358,4.879316,1,0.205275
353,10,9.792517,4.879316,1,0.204500
354,22,6.947955,4.879316,1,0.203728
355,8,10.734178,4.879316,1,0.202960
356,8,10.297578,7.230093,1,0.202197
357,8,10.645739,4.879316,1,0.201437
358,10,10.100559,4.879316,1,0.200680
359,6,11.234696,4.879316,1,0.199928
360,6,11.279358,4.879316,1,0.199179
361,6,11.279358,4.879316,1,0.198434
362,5,11.111339,7.995227,1,0.197693
363,6,11.279358,4.879316,1,0.196955
364,8,10.644365,4.879316,1,0.196222
365,8,10.514641,4.879316,1,0.195491
366,8,10.872495,4.879316,1,0.194765
367,5,11.111339,7.995227,1,0.194042
368,10,9.749923,4.879316,1,0.193323
369,6,11.334502,4.879316,1,0.192607
370,6,11.279358,4.879316,1,0.191895
371,6,11.279358,4.879316,1,0.191186
372,8,10.829314,4.879316,1,0.190481
373,8,10.514641,4.879316,1,0.189780
374,6,11.279358,4.879316,1,0.189082
375,12,9.208221,4.879316,1,0.188387
376,6,11.234696,4.879316,1,0.187696
377,8,10.706874,4.879316,1,0.187008
378,6,11.279358,4.879316,1,0.186324
379,7,10.521496,7.995227,1,0.185643
380,5,11.111339,7.995227,1,0.184966
381,5,11.111339,7.995227,1,0.184292
382,5,11.111339,7.995227,1,0.183621
383,7,10.355698,7.995227,1,0.182954
384,5,11.111339,7.995227,1,0.182290
385,5,11.111339,7.995227,1,0.181630
386,5,11.111339,7.995227,1,0.180972
387,7,10.656963,7.995227,1,0.180318
388,7,10.766884,7.995227,1,0.179667
389,5,11.111339,7.995227,1,0.179020
390,5,11.111339,7.995227,1,0.178376
391,9,10.190565,7.995227,1,0.177735
392,7,10.502604,7.995227,1,0.177097
393,8,10.465282,7.230093,1,0.176462
394,7,10.476346,7.995227,1,0.175830
395,5,11.111339,7.995227,1,0.175202
396,5,11.111339,7.995227,1,0.174577
397,8,10.168242,7.230093,1,0.173955
398,7,10.521496,7.995227,1,0.173336
399,11,10.215287,7.995227,1,0.172720
400,5,11.111339,7.995227,1,0.172107
401,5,11.111339,7.995227,1,0.171497
402,7,10.543186,7.995227,1,0.170891
403,8,10.660993,4.879316,1,0.170287
404,5,11.066676,7.995227,1,0.169686
405,7,10.785232,7.995227,1,0.169088
406,5,11.111339,7.995227,1,0.168494
407,9,9.808591,7.995227,1,0.167902
408,5,11.111339,7.995227,1,0.167313
409,5,11.111339,7.995227,1,0.166727
410,5,11.111339,7.995227,1,0.166145
411,6,11.233477,4.879316,1,0.165565
412,7,10.477720,7.995227,1,0.164987
413,5,11.111339,7.995227,1,0.164413
414,5,11.111339,7.995227,1,0.163842
415,7,10.538855,7.995227,1,0.163273
416,11,9.586391,7.995227,1,0.162708
417,5,11.111339,7.995227,1,0.162145
418,5,11.111339,7.995227,1,0.161585
419,5,11.111339,7.995227,1,0.161028
420,9,10.166926,7.995227,1,0.160473
421,7,10.380138,7.995227,1,0.159922
422,5,11.111339,7.995227,1,0.159373
423,5,11.111339,7.995227,1,0.158826
424,5,11.111339,7.995227,1,0.158283
425,5,11.111339,7.995227,1,0.157742
426,5,11.111339,7.995227,1,0.157204
427,7,10.656963,7.995227,1,0.156669
428,8,10.650474,4.879316,1,0.156136
429,5,11.166483,7.995227,1,0.155606
430,5,11.111339,7.995227,1,0.155079
431,5,11.111339,7.995227,1,0.154554
432,7,10.804472,7.995227,1,0.154032
433,5,11.111339,7.995227,1,0.153512
434,5,11.111339,7.995227,1,0.152995
435,9,10.391837,7.995227,1,0.152481
436,5,11.111339,7.995227,1,0.151969
437,5,11.111339,7.995227,1,0.151460
438,5,11.111339,7.995227,1,0.150954
439,7,10.557748,7.995227,1,0.150449
440,7,10.521496,7.995227,1,0.149948
441,5,11.111339,7.995227,1,0.149449
442,6,11.053219,7.230093,1,0.148952
443,5,11.111339,7.995227,1,0.148458
444,11,9.914836,7.995227,1,0.147966
445,5,11.111339,7.995227,1,0.147477
446,5,11.111339,7.995227,1,0.146990
447,7,10.804472,7.995227,1,0.146506
448,5,11.111339,7.995227,1,0.146024
449,9,10.335187,7.995227,1,0.145544
450,5,11.111339,7.995227,1,0.145067
451,10,10.032220,7.230093,1,0.144593
452,5,11.111339,7.995227,1,0.144120
453,5,11.111339,7.995227,1,0.143650
454,8,10.679349,7.230093,1,0.143183
455,6,11.053219,7.230093,1,0.142717
456,5,11.111339,7.995227,1,0.142254
457,7,10.668834,7.995227,1,0.141793
458,5,11.111339,7.995227,1,0.141335
459,5,11.111339,7.995227,1,0.140879
460,7,10.785232,7.995227,1,0.140425
461,5,11.111339,7.995227,1,0.139974
462,5,11.111339,7.995227,1,0.139524
463,5,11.111339,7.995227,1,0.139077
464,5,11.111339,7.995227,1,0.138632
465,6,11.181177,4.879316,1,0.138190
466,5,11.111339,7.995227,1,0.137749
467,5,11.111339,7.995227,1,0.137311
468,5,11.111339,7.995227,1,0.136875
469,7,10.804472,7.995227,1,0.136441
470,5,11.066676,7.995227,1,0.136010
471,5,11.111339,7.995227,1,0.135580
472,5,11.111339,7.995227,1,0.135153
473,5,11.111339,7.995227,1,0.134728
474,6,11.195654,4.879316,1,0.134304
475,6,11.233477,4.879316,1,0.133883
476,7,10.656963,7.995227,1,0.133465
477,5,11.111339,7.995227,1,0.133048
478,5,11.111339,7.995227,1,0.132633
479,8,10.465282,7.230093,1,0.132220
480,7,10.380138,7.995227,1,0.131810
481,5,11.111339,7.995227,1,0.131401
482,9,10.122263,7.995227,1,0.130995
483,5,11.111339,7.995227,1,0.130590
484,5,11.111339,7.995227,1,0.130188
485,9,9.940115,7.995227,1,0.129787
486,5,11.111339,7.995227,1,0.129389
487,9,10.262062,7.995227,1,0.128993
488,9,10.257730,7.995227,1,0.128598
489,5,11.111339,7.995227,1,0.128206
490,7,10.727947,7.995227,1,0.127815
491,5,11.111339,7.995227,1,0.127426
492,7,10.476346,7.995227,1,0.127040
493,5,11.111339,7.995227,1,0.126655
494,11,9.110644,7.995227,1,0.126272
495,5,11.111339,7.995227,1,0.125891
496,5,11.111339,7.995227,1,0.125512
497,5,11.111339,7.995227,1,0.125135
498,8,10.991257,4.879316,1,0.124760
499,9,9.765855,7.995227,1,0.124387
500,8,10.638298,7.230093,1,0.124015
501,5,11.111339,7.995227,1,0.123646
502,5,11.111339,7.995227,1,0.123278
503,5,11.111339,7.995227,1,0.122912
504,5,11.111339,7.995227,1,0.122548
505,5,11.111339,7.995227,1,0.122186
506,8,10.231216,7.230093,1,0.121825
507,5,11.111339,7.995227,1,0.121466
508,7,10.303716,7.995227,1,0.121110
509,7,10.661294,7.995227,1,0.120754
510,5,11.111339,7.995227,1,0.120401
511,8,10.907370,4.879316,1,0.120050
512,5,11.111339,7.995227,1,0.119700
513,5,11.111339,7.995227,1,0.119352
514,5,11.111339,7.995227,1,0.119005
515,5,11.111339,7.995227,1,0.118661
516,5,11.111339,7.995227,1,0.118318
517,5,11.066676,7.995227,1,0.117977
518,7,10.804472,7.995227,1,0.117637
519,7,10.521496,7.995227,1,0.117300
520,5,11.111339,7.995227,1,0.116963
521,7,11.243172,4.066264,1,0.116629
522,5,11.111339,7.995227,1,0.116296
523,5,11.111339,7.995227,1,0.115965
524,5,11.111339,7.995227,1,0.115636
525,7,10.380138,7.995227,1,0.115308
526,5,11.111339,7.995227,1,0.114982
527,7,10.502604,7.995227,1,0.114657
528,5,11.111339,7.995227,1,0.114335
529,5,11.111339,7.995227,1,0.114013
530,5,11.111339,7.995227,1,0.113694
531,5,11.111339,7.995227,1,0.113376
532,5,11.111339,7.995227,1,0.113059
533,7,10.477720,7.995227,1,0.112744
534,7,10.852040,7.995227,1,0.112431
535,9,10.073270,7.995227,1,0.112119
536,5,11.111339,7.995227,1,0.111809
537,5,11.111339,7.995227,1,0.111500
538,12,9.961140,7.230093,1,0.111193
539,10,9.668522,4.879316,1,0.110888
540,5,11.111339,7.995227,1,0.110583
541,5,11.111339,7.995227,1,0.110281
542,7,10.712106,7.995227,1,0.109980
543,11,9.604013,7.995227,1,0.109680
544,5,11.111339,7.995227,1,0.109382
545,5,11.111339,7.995227,1,0.109086
546,5,11.111339,7.995227,1,0.108791
547,9,9.472472,7.995227,1,0.108497
548,7,10.766884,7.995227,1,0.108205
549,5,11.111339,7.995227,1,0.107914
550,5,11.111339,7.995227,1,0.107625
551,7,10.355698,7.995227,1,0.107337
552,5,11.111339,7.995227,1,0.107051
553,7,10.766884,7.995227,1,0.106766
554,5,11.111339,7.995227,1,0.106483
555,5,11.111339,7.995227,1,0.106201
556,5,11.111339,7.995227,1,0.105920
557,5,11.111339,7.995227,1,0.105641
558,5,11.111339,7.995227,1,0.105363
559,7,10.502604,7.995227,1,0.105086
560,5,11.111339,7.995227,1,0.104811
561,5,11.111339,7.995227,1,0.104538
562,5,11.111339,7.995227,1,0.104265
563,5,11.111339,7.995227,1,0.103994
564,6,11.164835,4.879316,1,0.103725
565,5,11.111339,7.995227,1,0.103456
566,5,11.111339,7.995227,1,0.103189
567,8,10.734178,4.879316,1,0.102924
568,5,11.111339,7.995227,1,0.102659
569,7,10.766884,7.995227,1,0.102397
570,5,11.111339,7.995227,1,0.102135
571,7,10.785232,7.995227,1,0.101875
572,6,11.279358,4.879316,1,0.101615
573,5,11.111339,7.995227,1,0.101358
574,7,10.521496,7.995227,1,0.101101
575,6,11.053219,7.230093,1,0.100846
576,5,11.111339,7.995227,1,0.100592
577,5,11.066676,7.995227,1,0.100340
578,7,10.502604,7.995227,1,0.100088
579,7,10.656963,7.995227,1,0.099838
580,5,11.111339,7.995227,1,0.099589
581,6,10.995934,7.230093,1,0.099341
582,7,10.476346,7.995227,1,0.099095
583,5,11.111339,7.995227,1,0.098850
584,5,11.166483,7.995227,1,0.098606
585,6,10.932960,7.230093,1,0.098363
586,5,11.111339,7.995227,1,0.098122
587,5,11.111339,7.995227,1,0.097881
588,5,11.111339,7.995227,1,0.097642
589,5,11.111339,7.995227,1,0.097404
590,7,10.766884,7.995227,1,0.097168
591,8,10.546184,4.879316,1,0.096932
592,6,10.823426,7.230093,1,0.096698
593,5,11.111339,7.995227,1,0.096465
594,5,11.111339,7.995227,1,0.096233
595,5,11.111339,7.995227,1,0.096002
596,5,11.111339,7.995227,1,0.095772
597,7,10.604662,7.995227,1,0.095543
598,8,10.440014,4.879316,1,0.095316
599,9,10.212748,7.995227,1,0.095090
600,5,11.111339,7.995227,1,0.094864
601,5,11.111339,7.995227,1,0.094640
602,5,11.111339,7.995227,1,0.094418
603,5,11.111339,7.995227,1,0.094196
604,5,11.111339,7.995227,1,0.093975
605,7,10.766884,7.995227,1,0.093755
606,7,10.521496,7.995227,1,0.093537
607,6,11.279358,4.879316,1,0.093319
608,5,11.111339,7.995227,1,0.093103
609,5,11.111339,7.995227,1,0.092888
610,9,9.867611,7.995227,1,0.092674
611,7,10.656963,7.995227,1,0.092461
612,5,11.111339,7.995227,1,0.092249
613,5,11.111339,7.995227,1,0.092038
614,5,11.111339,7.995227,1,0.091828
615,5,11.111339,7.995227,1,0.091619
616,5,11.111339,7.995227,1,0.091411
617,5,11.111339,7.995227,1,0.091204
618,5,11.066676,7.995227,1,0.090998
619,5,11.111339,7.995227,1,0.090794
620,5,11.111339,7.995227,1,0.090590
621,5,11.111339,7.995227,1,0.090387
622,5,11.111339,7.995227,1,0.090186
623,6,10.932960,7.230093,1,0.089985
624,5,11.166483,7.995227,1,0.089785
625,5,11.111339,7.995227,1,0.089587
626,5,11.166483,7.995227,1,0.089389
627,5,11.111339,7.995227,1,0.089192
628,5,11.111339,7.995227,1,0.088996
629,5,11.111339,7.995227,1,0.088802
630,6,11.053219,7.230093,1,0.088608
631,5,11.111339,7.995227,1,0.088415
632,7,10.476346,7.995227,1,0.088223
633,5,11.111339,7.995227,1,0.088032
634,5,11.166483,7.995227,1,0.087843
635,7,10.712106,7.995227,1,0.087654
636,5,11.111339,7.995227,1,0.087466
637,5,11.111339,7.995227,1,0.087278
638,9,10.134809,7.995227,1,0.087092
639,5,11.111339,7.995227,1,0.086907
640,5,11.111339,7.995227,1,0.086723
641,6,11.164835,4.879316,1,0.086539
642,5,11.111339,7.995227,1,0.086357
643,5,11.111339,7.995227,1,0.086175
644,5,11.111339,7.995227,1,0.085995
645,5,11.166483,7.995227,1,0.085815
646,5,11.111339,7.995227,1,0.085636
647,7,10.346621,7.995227,1,0.085458
648,5,11.111339,7.995227,1,0.085281
649,5,11.111339,7.995227,1,0.085105
650,5,11.111339,7.995227,1,0.084930
651,5,11.111339,7.995227,1,0.084755
652,5,11.111339,7.995227,1,0.084582
653,5,11.111339,7.995227,1,0.084409
654,5,11.111339,7.995227,1,0.084237
655,5,11.111339,7.995227,1,0.084066
656,5,11.111339,7.995227,1,0.083896
657,5,11.111339,7.995227,1,0.083727
658,5,11.111339,7.995227,1,0.083558
659,7,10.656963,7.995227,1,0.083391
660,5,11.111339,7.995227,1,0.083224
661,5,11.166483,7.995227,1,0.083058
662,5,11.111339,7.995227,1,0.082893
663,5,11.111339,7.995227,1,0.082729
664,6,11.164835,4.879316,1,0.082565
665,5,11.111339,7.995227,1,0.082403
666,5,11.111339,7.995227,1,0.082241
667,7,10.532864,7.995227,1,0.082080
668,7,10.804472,7.995227,1,0.081920
669,5,11.111339,7.995227,1,0.081760
670,5,11.111339,7.995227,1,0.081602
671,5,11.111339,7.995227,1,0.081444
672,5,11.111339,7.995227,1,0.081287
673,5,11.111339,7.995227,1,0.081131
674,5,11.111339,7.995227,1,0.080975
675,5,11.111339,7.995227,1,0.080820
676,7,10.355698,7.995227,1,0.080666
677,7,10.532864,7.995227,1,0.080513
678,5,11.111339,7.995227,1,0.080361
679,5,11.111339,7.995227,1,0.080209
680,5,11.111339,7.995227,1,0.080059
681,5,11.111339,7.995227,1,0.079908
682,5,11.111339,7.995227,1,0.079759
683,6,11.233477,4.879316,1,0.079610
684,6,10.932960,7.230093,1,0.079463
685,5,11.111339,7.995227,1,0.079315
686,5,11.111339,7.995227,1,0.079169
687,7,10.346621,7.995227,1,0.079023
688,5,11.111339,7.995227,1,0.078878
689,5,11.111339,7.995227,1,0.078734
690,5,11.111339,7.995227,1,0.078591
691,5,11.111339,7.995227,1,0.078448
692,5,11.111339,7.995227,1,0.078306
693,5,11.111339,7.995227,1,0.078165
694,5,11.111339,7.995227,1,0.078024
695,5,11.111339,7.995227,1,0.077884
696,5,11.111339,7.995227,1,0.077745
697,7,10.380138,7.995227,1,0.077606
698,9,9.469763,7.995227,1,0.077468
699,6,11.279358,4.879316,1,0.077331
700,5,11.111339,7.995227,1,0.077195
701,9,10.022457,7.995227,1,0.077059
702,5,11.111339,7.995227,1,0.076924
703,5,11.111339,7.995227,1,0.076789
704,5,11.111339,7.995227,1,0.076656
705,5,11.111339,7.995227,1,0.076522
706,5,11.111339,7.995227,1,0.076390
707,5,11.111339,7.995227,1,0.076258
708,5,11.111339,7.995227,1,0.076127
709,5,11.111339,7.995227,1,0.075997
710,5,11.111339,7.995227,1,0.075867
711,5,11.111339,7.995227,1,0.075738
712,5,11.111339,7.995227,1,0.075609
713,5,11.111339,7.995227,1,0.075481
714,8,10.909142,4.879316,1,0.075354
715,5,11.111339,7.995227,1,0.075227
716,5,11.111339,7.995227,1,0.075101
717,5,11.111339,7.995227,1,0.074976
718,6,11.233477,4.879316,1,0.074851
719,7,10.346621,7.995227,1,0.074727
720,5,11.111339,7.995227,1,0.074604
721,5,11.111339,7.995227,1,0.074481
722,5,11.111339,7.995227,1,0.074359
723,5,11.111339,7.995227,1,0.074237
724,5,11.111339,7.995227,1,0.074116
725,5,11.111339,7.995227,1,0.073995
726,5,11.111339,7.995227,1,0.073876
727,5,11.111339,7.995227,1,0.073756
728,5,11.111339,7.995227,1,0.073638
729,7,10.521496,7.995227,1,0.073520
730,5,11.111339,7.995227,1,0.073402
731,5,11.111339,7.995227,1,0.073285
732,5,11.111339,7.995227,1,0.073169
733,6,11.233477,4.879316,1,0.073053
734,5,11.111339,7.995227,1,0.072938
735,5,11.111339,7.995227,1,0.072824
736,5,11.111339,7.995227,1,0.072710
737,5,11.111339,7.995227,1,0.072596
738,5,11.111339,7.995227,1,0.072484
739,5,11.111339,7.995227,1,0.072371
740,7,10.619140,7.995227,1,0.072260
741,5,11.111339,7.995227,1,0.072148
742,5,11.111339,7.995227,1,0.072038
743,5,11.111339,7.995227,1,0.071928
744,5,11.111339,7.995227,1,0.071818
745,7,10.380138,7.995227,1,0.071709
746,7,10.656963,7.995227,1,0.071601
747,5,11.111339,7.995227,1,0.071493
748,5,11.111339,7.995227,1,0.071386
749,5,11.111339,7.995227,1,0.071279
750,5,11.111339,7.995227,1,0.071173
751,7,10.557748,7.995227,1,0.071067
752,7,10.502604,7.995227,1,0.070962
753,5,11.111339,7.995227,1,0.070857
754,7,10.521496,7.995227,1,0.070753
755,5,11.111339,7.995227,1,0.070649
756,5,11.111339,7.995227,1,0.070546
757,7,10.661294,7.995227,1,0.070443
758,5,11.111339,7.995227,1,0.070341
759,7,10.766884,7.995227,1,0.070240
760,5,11.111339,7.995227,1,0.070139
761,5,11.111339,7.995227,1,0.070038
762,6,11.195654,4.879316,1,0.069938
763,7,10.661294,7.995227,1,0.069839
764,5,11.111339,7.995227,1,0.069739
765,6,11.279358,4.879316,1,0.069641
766,7,10.502604,7.995227,1,0.069543
767,5,11.111339,7.995227,1,0.069445
768,5,11.111339,7.995227,1,0.069348
769,5,11.111339,7.995227,1,0.069251
770,5,11.111339,7.995227,1,0.069155
771,5,11.111339,7.995227,1,0.069060
772,5,11.111339,7.995227,1,0.068965
773,5,11.111339,7.995227,1,0.068870
774,7,10.502604,7.995227,1,0.068776
775,5,11.111339,7.995227,1,0.068682
776,5,11.111339,7.995227,1,0.068589
777,5,11.111339,7.995227,1,0.068496
778,7,10.477720,7.995227,1,0.068403
779,5,11.111339,7.995227,1,0.068311
780,5,11.111339,7.995227,1,0.068220
781,5,11.111339,7.995227,1,0.068129
782,5,11.111339,7.995227,1,0.068038
783,5,11.111339,7.995227,1,0.067948
784,5,11.111339,7.995227,1,0.067859
785,5,11.111339,7.995227,1,0.067770
786,5,11.111339,7.995227,1,0.067681
787,5,11.111339,7.995227,1,0.067593
788,5,11.111339,7.995227,1,0.067505
789,9,10.316839,7.995227,1,0.067417
790,5,11.111339,7.995227,1,0.067330
791,5,11.111339,7.995227,1,0.067244
792,5,11.111339,7.995227,1,0.067158
793,5,11.111339,7.995227,1,0.067072
794,5,11.111339,7.995227,1,0.066987
795,7,10.476346,7.995227,1,0.066902
796,7,10.656963,7.995227,1,0.066817
797,5,11.111339,7.995227,1,0.066734
798,7,10.433057,7.995227,1,0.066650
799,5,11.111339,7.995227,1,0.066567
800,7,10.566158,7.995227,1,0.066484
